SerendipityName	PetName	Map	FiredOn	FinishedOn	IsForced
孩童书	一杠	万花	2021-04-12		False
稚子心	甜豆	丐帮	2021-03-07		False
烟花戏	富富	丐帮	2021-03-27		False
缘来会·铃	懵懵	少林	2021-01-09		False
缘来会·瓜	瓜瓜	少林	2021-04-13		False
	小果	少林	2021-04-12	2021-04-12	False
太行道	阳阳	霸刀山庄	2021-03-27		False
莫贪杯	雀斑	藏剑山庄	2021-03-18		False
归乡路	童心客	藏剑山庄			False
沧海笛	嗷呜	阴山大草原	2020-12-19	2020-12-19	False
青草歌	火璃	阴山大草原	2020-12-16	2020-12-16	True
关外商	繁花客	苍云	2021-05-02		False
秘宝图	沅沅	侠客岛	2020-12-20	2020-12-21	False
沙海谣	刀豆	龙门荒漠	2020-12-16		False
锋芒展	圆圆	龙门荒漠	2020-07-06	2020-07-20	True
烟花戏·秋	瑞瑞	七秀			False
破晓鸣	黄袍大统领	寇岛	2020-12-15		False
露园事	瓜皮	洞天福地岛	2021-05-02		False
枫林酒	枫林客	枫华谷	2021-07-22	2021-07-22	False
石敢当	石敢当	成都			True
	小叮当	洛阳城			True
烟花戏·风	鸿鸿	唐门	2021-03-25	2021-03-25	False
	冰蓝花客	昆仑	2021-07-21		False
归安志·归	花月小龟	金水镇	2021-07-23	2021-07-23	False
		迷仙引	2021-07-25	2021-07-25	False
